"Gene","X","logFC","AveExpr","t","P.Value","adj.P.Val","B"
"AAMP","AAMP|Q13685",0.14543119872766,21.8797787020371,2.23612319628505,0.0255958164583136,0.110173296929263,-4.42756598393554
"ABCC1","ABCC1|P33527",0.0465422619209264,19.6173997496342,0.581236742760054,0.561231200805846,0.809153721550176,-6.73081067165106
"ABCE1","ABCE1|P61221",-0.00705762564063761,24.6856957931458,-0.315480086488672,0.752471505522287,0.950995902723911,-6.85819638619882
"ABI3","ABI3|Q9P2A4",0.113933496060092,19.8591984774957,1.54167412921054,0.123540267095569,0.376864791813365,-5.68114376383
"ABR","ABR|Q12979",-0.140594378930341,26.2526497696077,-6.60476440781891,6.86008852901867e-11,2.54680786639818e-09,14.1936590135443
"ACADSB","ACADSB|P45954",-0.120194007640276,24.3934396998965,-4.2276636895758,2.60650151725761e-05,0.000368633786012148,1.86232264372855
"ACBD5","ACBD5|Q5T8D3",0.00301591896532827,23.0283260818223,0.0860418906172809,0.931452568158227,0.981653972198851,-6.90385568743363
"ACOT9","ACOT9|Q9Y305",-0.0186186609715371,25.677634469697,-0.745120158141798,0.456396808845316,0.724865519930795,-6.63242177376002
"ACOX1","ACOX1|Q15067",-0.076960201580146,24.2226548029674,-2.91410440014146,0.00365691360122541,0.0212961439130185,-2.71866100070846
"ACTR8","ACTR8|Q9H981",-0.0339433430183682,16.9867948485613,-0.200352082234799,0.841365890273781,0.968520643880219,-6.28616424552685
"ADAP1","ADAP1|O75689",-0.0759782570816867,25.3908104579139,-3.93656659678284,8.91388055067489e-05,0.00101823943213479,0.706352558466001
"ADD3","ADD3|Q9UEY8",0.145683100898452,27.0579537856037,8.48482160078265,9.00435346054492e-17,8.91430992593947e-15,27.3859004380304
"AKAP10","AKAP10|O43572",0.00838722540597203,22.9200725426142,0.221298308815029,0.824911187919642,0.96667428143473,-6.88325204566796
"AKTIP","AKTIP|Q9H8T0",-0.0131219751139433,20.3795306602111,-0.206457497640815,0.836482459019278,0.96667428143473,-6.86931254489155
"ALG9","ALG9|Q9H6U8",-0.116016075102959,20.5178587532345,-1.5246732416473,0.127701350998575,0.383104052995725,-5.75002338856766
"ALKBH3","ALKBH3|Q96Q83",-0.0140564107440291,16.9101792482824,-0.101764345226519,0.918991780606242,0.978856067893137,-6.54140803185105
"ANKDD1A","ANKDD1A|Q495B1",0.0952432465099378,16.7125350986298,0.647969918134021,0.517570819110058,0.772454941083855,-6.13430014095356
"ANKRD61","ANKRD61|A6NGH8",0.180748357328088,19.3604608381494,1.15722597061498,0.247970400775644,0.545534881706417,-5.79102682355458
"APBA1","APBA1|Q02410",-0.0958191145222074,24.0938825117497,-2.66246498881512,0.007897759785297,0.0404419768316071,-3.40808259819326
"APBB1IP","APBB1IP|Q7Z5R6",0.133405889712215,20.3250787527222,2.83459755586183,0.00469275602905025,0.0253408825568714,-2.94309110192076
"ARAP3","ARAP3|Q8WWN8",-0.076094447592812,16.486813929972,-0.385309213658207,0.70032401406797,0.920337310522951,-6.22121728443484
"ARHGEF10L","ARHGEF10L|Q9HCE6",0.151035622356403,20.8665238940416,2.12504029307017,0.0338596186574989,0.134084089883696,-4.67498584202597
"ARHGEF11","ARHGEF11|O15085",-0.101278989606914,24.0500224277289,-3.73899571054281,0.000196625920110843,0.0018838031700942,-0.0328677745415868
"ARHGEF7","ARHGEF7|Q14155",-0.0856896198446009,25.8804802410956,-3.98157367458268,7.40739229912716e-05,0.000879998205136307,0.879888178353771
"ARID4B","ARID4B|Q4LE39",-0.0688209123898957,17.8430250302557,-0.642985332347329,0.520432670147772,0.772842515169441,-6.59095239409635
"ARMC1","ARMC1|Q9NVT9",-0.127719945302005,24.088447281639,-4.443186680378,9.98626496797173e-06,0.00015610108923619,2.76913582534188
"ARMCX2","ARMCX2|Q7L311",-0.073607864969194,21.2585603891601,-1.4928716070162,0.135827006719039,0.391656514519947,-5.80427422690546
"ASAP1","ASAP1|Q9ULH1",-0.197059698273414,24.7502806164124,-7.22431765899172,1.08607459383652e-12,6.45128308738893e-11,18.2202940230872
"ATG9A","ATG9A|Q7Z3C6",0.12917603320696,23.1268421613316,3.3492496654535,0.00084452736182251,0.0059720149157449,-1.38277887795292
"ATP11A","ATP11A|P98196",0.0531128199243298,21.363134828746,1.05328853956209,0.292496100912832,0.576619272676817,-6.3579832004211
"BEX2","BEX2|Q9BXY8",0.146576486487572,17.3132278047302,1.26534950253272,0.218164783914519,0.510196384430017,-4.62967614510611
"BLZF1","BLZF1|Q9H2G9",0.433576471516119,17.1308161132483,0.911489985078445,0.368555789666399,0.648110051408006,-4.98623190483945
"BMPER","BMPER|Q8N8U9",0.0244374586476184,17.8119956129265,0.238947452908477,0.81121485184972,0.96667428143473,-6.78259041552913
"BOLA3","BOLA3|Q53S33",-0.218673149898933,21.5165605939565,-3.57152367425384,0.000374034929033243,0.00317395354065352,-0.630590093716236
"C12orf66","C12orf66|Q96MD2",0.0638646553558502,17.5340364083082,0.544328419301081,0.586417561560774,0.829361979921666,-6.56164759637048
"C16orf54","C16orf54|Q6UWD8",0.0962841619891073,14.9660868246608,0.401507891969962,0.693913464795057,0.915965773529476,-4.89369686579282
"C22orf39","C22orf39|Q6P5X5",0.10550180929096,17.2697871802818,1.11370941247444,0.26580900711619,0.55946661318522,-6.11439748287947
"C2CD3","C2CD3|Q4AC94",0.195509059574647,16.512384306493,1.131008584696,0.259552226259776,0.5545828143824,-5.50250057598857
"C4BPB","C4BPB|P20851",0.208560740691563,18.2744039893236,1.72435922256035,0.0851173672967636,0.284043349293694,-5.25551363358377
"CAPNS2","CAPNS2|Q96L46",-0.628972354820373,16.5000181459071,-1.40642095597426,0.165494340414019,0.431156307920734,-4.66597175631859
"CASP9","CASP9|P55211",0.0847258114920599,18.2240132890439,1.01628670594982,0.30985092415497,0.58878180938756,-6.25486282514562
"CAV1","CAV1|Q03135",0.208310230773971,24.0916494598544,3.4991377828749,0.000490029704281843,0.00400911901774049,-0.880709077031778
"CCDC174","CCDC174|Q6PII3",0.392274984621888,16.7001405109144,2.64529356974613,0.00862234759950707,0.0434040209670102,-2.9698667245541
"CCDC186","CCDC186|Q7Z3E2",-0.100290603716676,19.4259044321754,-1.32470357829408,0.185611257291653,0.464115808954907,-6.03859688477185
"CD209","CD209|Q9NNX6",-0.134232090775946,16.7763518959487,-0.780657046887903,0.435412444298752,0.715672097798282,-6.26921617032318
"CD302","CD302|Q8IX05",0.250116967267346,17.6612255032684,2.15959731773544,0.0311925533367774,0.126906689603053,-4.41236536299332
"CD5L","CD5L|O43866",0.0566013810495605,20.1427338696505,0.685222948488142,0.493406182211077,0.751654097998644,-6.60006040508267
"CDK5R1","CDK5R1|Q15078",-0.167710417956119,17.8675250280891,-1.412593275658,0.158186074944065,0.423254632958445,-5.83584956642972
"CDK5RAP1","CDK5RAP1|Q96SZ6",-0.196638157940459,17.4174444068553,-1.54593684721407,0.122796499934674,0.376864791813365,-5.42582827343929
"CEP112","CEP112|Q8N8E3",0.0180881194201987,16.6004544822867,0.107732001569365,0.91428240339736,0.978856067893137,-6.32499176889307
"CFHR2","CFHR2|P36980",0.327671998022698,18.6158893177367,2.8887204676285,0.00398999807548524,0.0227890274695984,-2.65810078737369
"CIT","CIT|O14578",-0.130999821044089,26.1615985119102,-3.84807951541295,0.000127594738447913,0.00135341561853679,0.370724829563316
"CNOT11","CNOT11|Q9UKZ1",0.0646058303747203,19.8098674285888,1.05388543163899,0.29223189708076,0.576619272676817,-6.33894128924579
"COG5","COG5|Q9UP83",0.0157560359643902,21.8896952511633,0.319514668858235,0.749411636372311,0.950995902723911,-6.85692669093691
"COL23A1","COL23A1|Q86Y22",0.113308960156502,20.5973086615868,0.626115705112956,0.531412347148522,0.77856132468195,-6.67384060441384
"COPS9","COPS9|Q8WXC6",0.209558776017253,20.0317042946319,1.89905908452588,0.0579151078661715,0.20761783312128,-5.0630917787065
"COQ8B","COQ8B|Q96D53",-0.115914396491576,18.0874858048712,-1.14898799511728,0.250940126443733,0.548008952601388,-6.1520470611351
"COX11","COX11|Q9Y6N1",-0.061015544834671,20.4660401936905,-0.93058507776564,0.352321870639033,0.638046314510932,-6.47850416624256
"CPLX3","CPLX3|Q8WVH0",-0.0483993642998009,21.2805855928186,-0.799234146660569,0.424368988197856,0.712076776806572,-6.59102737190387
"CPNE8","CPNE8|Q86YQ8",-0.0447865029663035,22.8890859511291,-1.24352208207814,0.214004633935095,0.508475010229785,-6.14174331125124
"CSMD1","CSMD1|Q96PZ7",-0.0115192604005472,21.2446295621926,-0.185496787460603,0.852881881320262,0.974253533661992,-6.89047038414129
"CTIF","CTIF|O43310",-0.000298425242586831,21.9597152465659,-0.0079580048229117,0.993652290351162,0.997009223764511,-6.9074937288489
"CTSL","CTSL|P07711",-0.099423833224769,21.8014331476107,-1.30506550517641,0.192209577445972,0.464115808954907,-6.06414398852342
"CTSZ","CTSZ|Q9UBR2",0.0470200578646498,22.8754188251351,1.09046115464588,0.27580670511792,0.56885132930571,-6.31853664796662
"CUTC","CUTC|Q9NTM9",0.0865025199966993,20.5320483342352,1.51476126843996,0.130195467199743,0.386680537583237,-5.76136311937996
"DACT3","DACT3|Q96B18",0.0461582525424689,20.1324552235125,0.667721295080768,0.504488296903494,0.760573726803745,-6.6773053704538
"DBI","DBI|P07108",0.454252499978121,26.8204267962897,8.68864817961407,1.75197408817817e-17,5.20336304188918e-15,28.9862122364653
"DCC","DCC|P43146",-0.050133350291766,21.7428869557323,-0.901100167596366,0.367780082960544,0.648110051408006,-6.50524752932234
"DCUN1D1","DCUN1D1|Q96GG9",-0.0460062296653199,24.1618888145674,-1.73873148621226,0.0824295699366886,0.281436570768653,-5.41164036407847
"DDA1","DDA1|Q9BW61",-0.328203481869064,19.4786055390299,-4.01053827820618,6.56906888974079e-05,0.000812922275105422,0.992574375614484
"DDX3Y","DDX3Y|O15523",-0.00556695310523736,19.419737718835,-0.050697981739712,0.959577789105424,0.987734395560536,-6.89968146952693
"DENND1A","DENND1A|Q8TEH3",-0.0244951286376995,23.2458494630438,-0.757327248057842,0.449055307772065,0.723397002623226,-6.62333702988168
"DEPTOR","DEPTOR|Q8TB45",0.0385823624586941,20.5854783567812,0.700704090361831,0.483671782257371,0.744303208966006,-6.66423277289907
"DHX33","DHX33|Q9H6R0",-0.17783884826294,17.8309594935586,-1.11985229783123,0.26391765466379,0.55946661318522,-5.62373459359973
"DMKN","DMKN|Q6E0U4",0.291777923293555,17.4321322057757,1.02917751622978,0.306518517991967,0.58878180938756,-5.28017494971611
"DNAJA4","DNAJA4|Q8WW22",0.00182946626338776,24.6812665588958,0.0751927656825825,0.940078324271945,0.983110078551999,-6.90472271034252
"DNAJC18","DNAJC18|Q9H819",-0.181410088909463,17.4865460970061,-1.50968899171143,0.132651601938667,0.390074512631526,-5.12412421126052
"DOC2A","DOC2A|Q14183",-0.0368099780988445,23.6578096535011,-1.1654141881004,0.244165215665797,0.545241120697305,-6.23485029293461
"DPYD","DPYD|Q12882",0.224937086676789,17.8910726087853,2.01975920831575,0.0437981051602542,0.164658699146779,-4.75584316611949
"DTD1","DTD1|Q8TEA8",-0.00925522037000093,25.1198014013535,-0.295186236026278,0.767920814736719,0.955811262012758,-6.86433828848711
"ECI2","ECI2|O75521",0.0398808460727302,24.2905819177025,1.10115378661705,0.27112896872871,0.563114011975013,-6.30693725583861
"EIF2B3","EIF2B3|Q9NR50",0.0530874737668654,23.321208554575,2.19390884451717,0.0285011847782649,0.120926455416353,-4.52833805330154
"ENTPD1","ENTPD1|P49961",0.245904056281567,21.2720409446284,3.38239879147146,0.000751055249939988,0.00544057095688235,-1.25687804047372
"EPB41","EPB41|P11171",0.157468052968127,23.83146131214,5.14981880468909,3.21422835810986e-07,7.95521518632191e-06,6.04269414990223
"EPB41L5","EPB41L5|Q9HCM4",0.137964688735124,21.4602706043776,2.86059086526631,0.00432800486933485,0.0242531593621217,-2.87038810843209
"ERLIN1","ERLIN1|O75477",0.0689427922395609,21.8200660523456,1.73866648809022,0.0824410156797066,0.281436570768653,-5.41175200956515
"ETNPPL","ETNPPL|Q8TBG4",0.0361895330181952,20.8335578576808,0.557821712640652,0.57710713168075,0.820099608177908,-6.75332152895932
"EVI5","EVI5|O60447",0.0128975869131516,20.131214551681,0.148597131382131,0.881907012447709,0.97733724886929,-6.86691596762466
"EXD2","EXD2|Q9NVH0",0.0654820429595517,21.7653880244866,1.23323760542154,0.21781440852114,0.510196384430017,-6.15434671517098
"EXOSC4","EXOSC4|Q9NPD3",0.113993133986067,18.495429094492,1.04495617086844,0.296375264204061,0.57910166755662,-6.271788424165
"FAIM2","FAIM2|Q9BWQ8",0.254072777403756,22.8579184630323,3.40038444765247,0.00070300168236342,0.00521978749154839,-1.21390139537007
"FAM117B","FAM117B|Q6P1L5",0.123794137461296,20.7866007954378,2.79210324398554,0.00534945622955159,0.0283712232174433,-3.06054360148056
"FAM118B","FAM118B|Q9BPY3",0.0276718901437221,20.7195683270682,0.359524091084523,0.719288780630132,0.941095893599776,-6.84346250013362
"FAM151B","FAM151B|Q6UXP7",-0.129666631377013,17.1884922825547,-0.860752005472163,0.389945210921425,0.669443512391117,-6.06810212682819
"FAM8A1","FAM8A1|Q9UBU6",-0.023236889435843,19.7095405836053,-0.352140186241414,0.72483005547147,0.94418651962731,-6.7530024459541
"FBXL17","FBXL17|Q9UF56",0.0342188397160754,20.0287369443402,0.468869018820401,0.639280125403896,0.86302816929526,-6.79245166822743
"FBXL2","FBXL2|Q9UKC9",-0.133751908720829,19.4198052879874,-1.47931744304568,0.139411152462312,0.397672712532168,-5.82419184416244
"FBXL7","FBXL7|Q9UJT9",0.106519994451535,17.2737687075578,0.673188172048679,0.501228899419192,0.759515220038265,-6.27782195602179
"FGF12","FGF12|P61328",-0.144801224862107,24.5769864463947,-3.90778279865248,0.000100247049174866,0.00110271754092352,0.596368091255854
"FHAD1","FHAD1|B1AJZ9",0.213225974532428,20.3102029837907,0.877958638893706,0.380385770071371,0.664556315948219,-6.18782270708638
"FKBPL","FKBPL|Q9UIM3",0.000317587540230591,17.0147268074631,0.00254449818608268,0.99797060291044,0.99797060291044,-6.72539560172702
"FLNC","FLNC|Q14315",0.287693158328583,24.6779746981977,6.00076511292417,2.86077912269797e-09,8.49651399441298e-08,10.5838261828441
"FRMPD3","FRMPD3|Q5JV73",0.0225071182443628,18.9399076816165,0.207236943546192,0.835876114162309,0.96667428143473,-6.84347524429406
"FRRS1L","FRRS1L|Q9P0K9",-0.00860029652410077,22.6781582656552,-0.21451234500628,0.83019693133509,0.96667428143473,-6.88471781813391
"FURIN","FURIN|P09958",0.0639848726932719,17.6427091251204,0.704439634659154,0.481717657393547,0.744303208966006,-6.03622420940491
"GAB1","GAB1|Q13480",0.299501621229375,22.1940684658458,4.02445353694577,6.19908606519281e-05,0.000800490678853158,1.04699139916166
"GABRA6","GABRA6|Q16445",0.0579774750168944,18.9904839218678,0.17653396033428,0.860373764959777,0.975309191576541,-5.73493953440583
"GALM","GALM|Q96C23",0.195392989130102,22.7257851478822,5.26910012140603,1.72270848565092e-07,4.65131291125748e-06,6.64018739305595
"GALNT11","GALNT11|Q8NCW6",0.0224928825142143,18.6289360647872,0.217404629932606,0.827969682458096,0.96667428143473,-6.67377538628328
"GAS6","GAS6|Q14393",-0.0105965955020473,17.9216391860292,-0.117926360924891,0.90615455573778,0.978856067893137,-6.86080595152027
"GEMIN2","GEMIN2|O14893",0.0785920280096342,17.8092424409718,0.970572074238854,0.332098839638497,0.613546251978548,-6.3019295979914
"GLRX","GLRX|P35754",-0.0845646803955411,24.2182804048677,-2.30177517820821,0.021579173702279,0.0971062816602554,-4.28935589095203
"GNAI1","GNAI1|P63096",-0.0593298299372371,27.0560771804136,-2.30623378780472,0.0213277248433537,0.0971062816602554,-4.27923375687088
"GNAO1","GNAO1|P09471",-0.0262967598779724,29.4239115473672,-1.08444571979718,0.278462396184616,0.570367804598834,-6.32501259194515
"GPRIN3","GPRIN3|Q6ZVF9",-0.0607617213789418,21.3784312217522,-0.826578110499309,0.408698900780695,0.693620420182093,-6.56900899481011
"GRIA4","GRIA4|P48058",-0.128928971167678,23.4789953557712,-4.53649270998937,6.50756941883283e-06,0.000113691065729021,3.17508996145874
"GYPA","GYPA|P02724",0.00559990063273474,17.7316755199918,0.0852618831338095,0.932075488754465,0.981653972198851,-6.81074979115289
"HIVEP2","HIVEP2|P31629",0.113864227905683,18.6072722563139,0.931650924865006,0.351804316156884,0.638046314510932,-6.40302781786807
"HLA-DRB5","HLA-DRB5|Q30154",-0.163669277817913,16.734322387474,-0.34055233847935,0.734276250914431,0.949945264031319,-5.64635943689239
"HLA-G","HLA-G|P17693",0.801197781964635,17.8754838992651,1.24140353277067,0.221269617465176,0.513414659274665,-4.76072455169328
"HYI","HYI|Q5T013",0.190833835100182,22.4848310705989,4.8498087878861,1.45951383938417e-06,2.83826332861416e-05,4.59699233217652
"IFRD2","IFRD2|Q12894",-0.0513729853699481,16.6865939015436,-0.271081912439701,0.787180909545835,0.963145864276608,-5.55422157231078
"IRGQ","IRGQ|Q8WZA9",-0.193828301552525,24.5758936644151,-8.54612946385773,5.52172990827453e-17,8.19976891378768e-15,27.8638726959064
"ISCA2","ISCA2|Q86U28",-0.0570461808717724,22.8281159210939,-1.44458583967447,0.148928007751467,0.413379610300802,-5.87440425723358
"KCNIP1","KCNIP1|Q9NZI2",0.043957308589416,18.6665626497489,0.498913454846929,0.617969676589382,0.853660436963007,-6.7581257504619
"KCNJ10","KCNJ10|P78508",0.207766797352061,21.7526576823643,3.09224772639083,0.00204871262730829,0.0124177071491952,-2.19371739560089
"KCNJ8","KCNJ8|Q15842",0.0757933337436008,16.7568691712494,0.303243516390583,0.762696048811094,0.955783656105042,-5.54240716381686
"KDF1","KDF1|Q8NAX2",0.0718045061802535,16.5814118851507,0.246500319798012,0.80575659590523,0.96667428143473,-5.87335882895483
"KDM4C","KDM4C|Q9H3R0",-0.00299576517537758,19.4036164013765,-0.00887503153154573,0.992939286294221,0.997009223764511,-5.6809834396323
"KIAA1958","KIAA1958|Q8N8K9",0.226929998672256,15.9737304873638,1.50837038340334,0.134077875047178,0.390403224402076,-4.8549094755846
"KIF2A","KIF2A|O00139",-0.0729194921833347,26.332653801439,-3.10629728535606,0.0019548281257425,0.0123528500711814,-2.15102002617842
"KIF5C","KIF5C|O60282",-0.145003231233254,27.1022465886238,-7.13892147544127,1.95993584456743e-12,9.70168243060876e-11,17.6461301228198
"KNOP1","KNOP1|Q1ED39",0.16536737179359,17.1197637580945,0.687436011979954,0.493510266362746,0.751654097998644,-5.55864027682295
"KRT16","KRT16|P08779",-0.016293396178046,18.0249744022359,-0.101091732302834,0.919531457717795,0.978856067893137,-6.50247961269652
"LALBA","LALBA|P00711",-0.1629692866537,14.933932953704,-0.48175927241065,0.634635987240629,0.860670722422223,-5.13377665323159
"LAMTOR3","LAMTOR3|Q9UHA4",0.109759702657325,22.3508236076975,2.17720348881417,0.0297288329112413,0.12263143575887,-4.56433526723523
"LCMT2","LCMT2|O60294",-0.0325507943572347,16.2412511089065,-0.106556822490394,0.915511669987206,0.978856067893137,-5.60151668476635
"LGI3","LGI3|Q8N145",-0.00400523597274471,25.0621476789031,-0.103868095042441,0.917297546965034,0.978856067893137,-6.9021777225093
"LIAS","LIAS|O43766",-0.0725515045855332,20.0076914845109,-1.01424109194554,0.31074477790495,0.58878180938756,-6.39794968348198
"LIN37","LIN37|Q96GY3",-0.128751413109612,17.7196940078467,-1.26308516623453,0.207178912181122,0.496226910627364,-5.82430088289345
"LINGO1","LINGO1|Q96FE5",-0.235511086946403,24.1819103106862,-7.76205017524497,2.30201501363138e-14,1.7092461476213e-12,21.9738389125262
"LPAR1","LPAR1|Q92633",0.136515019444651,20.0541223845808,2.09629417215762,0.0363393857285814,0.142010494228798,-4.73482819625307
"LPIN3","LPIN3|Q9BQK8",0.225523104178453,16.424118805153,0.873529415598438,0.383356172678764,0.665829142021012,-5.79916909036467
"LPP","LPP|Q93052",0.138110482215414,23.2774923409524,4.41122833057426,1.15432241438321e-05,0.000171416878535907,2.63194592306841
"LRP4","LRP4|O75096",0.0810696874592765,22.1705654374416,1.42219033989934,0.155323151251781,0.420978343478111,-5.90615243138499
"LRRC45","LRRC45|Q96CN5",-0.13571807880901,17.4668219183297,-0.443074421080278,0.658187289434875,0.884532239647774,-6.04256987898807
"LSM14A","LSM14A|Q8ND56",0.0107087089680107,22.8867867104514,0.263763284584186,0.792023697918326,0.963145864276608,-6.87304314180169
"LSM4","LSM4|Q9Y4Z0",0.0967004365704582,22.2304831193247,1.654695778819,0.0983406052828986,0.32095779965957,-5.5525234011259
"LYSMD1","LYSMD1|Q96S90",-0.132719916525847,22.8475439752796,-4.13429107846092,3.89897410822088e-05,0.000526361504609818,1.48289165505154
"MAN1C1","MAN1C1|Q9NR34",0.0687181802353578,17.9270144219385,0.731758966125314,0.46453451645174,0.729990222910093,-6.58774169336749
"MAPK8","MAPK8|P45983",-0.00689823293126324,21.4074896871141,-0.129001897882424,0.897385442151731,0.978856067893137,-6.89927673645602
"MARS2","MARS2|Q96GW9",-0.0944851094466266,21.5665934981313,-2.50499923513514,0.0124237946141899,0.06149778334024,-3.8083472621835
"MCC","MCC|P23508",-0.0425254493586138,20.4039307804878,-0.7651917501253,0.444361265551048,0.722001277738097,-6.61740603273107
"MED29","MED29|Q9NX70",-0.10948307979131,18.2242105781544,-1.06348106294435,0.288013804061362,0.576619272676817,-6.12555500660977
"MFSD4B","MFSD4B|Q5TF39",-0.112868910251947,17.5485769693103,-0.765068508122656,0.444869474161858,0.722001277738097,-6.07565863205163
"MGA","MGA|Q8IWI9",0.0659864827230159,17.529146836032,0.326617942634725,0.744149094912291,0.950995902723911,-6.41685449370695
"MICALL2","MICALL2|Q8IY33",0.261537925262044,19.7304275479575,3.45158310324714,0.0005841090556548,0.00456527340867041,-1.03348920828676
"MRPL53","MRPL53|Q96EL3",-0.156790164843191,20.6502213065044,-2.08163103313865,0.0376629276458859,0.145271292348417,-4.76504247769908
"MRPS15","MRPS15|P82914",-0.180260791734092,21.1584981699633,-3.12341189438857,0.00184581208236394,0.0119175258361324,-2.09875201593837
"MRPS33","MRPS33|Q9Y291",-0.00318156677692016,19.7340722395987,-0.0457570290224387,0.96351422585378,0.987734395560536,-6.9064873613383
"MRPS6","MRPS6|P82932",-0.0937642714323239,22.3046667832334,-1.95953865954074,0.0503631185516872,0.186973077623139,-5.00846289427192
"MSH3","MSH3|P20585",-0.0299019683644524,18.8661770098795,-0.268187251053521,0.78862115205009,0.963145864276608,-6.83955308364879
"MSL3","MSL3|Q8N5Y2",0.0308851098325285,16.210232019991,0.272833443100442,0.785109405430627,0.963145864276608,-6.51634999471528
"MTFP1","MTFP1|Q9UDX5",-0.153552615018345,19.6361488394506,-1.91769205003937,0.055471494726464,0.203395480663701,-5.08853936816796
"MYCBP2","MYCBP2|O75592",-0.0312204227809474,24.7755032533833,-1.1395124990239,0.254797616152778,0.548368782589675,-6.26439695969099
"NBAS","NBAS|A2RRP1",0.000647945993183185,24.1180893020563,0.0240064807152706,0.980852848104033,0.996185264500142,-6.90723946650024
"NDFIP2","NDFIP2|Q9NV92",0.00485172080999874,17.3703540478921,0.0508085250896784,0.959493298276707,0.987734395560536,-6.74421043311638
"NDUFAB1","NDUFAB1|O14561",0.0536610776074227,24.8573052765729,1.00905482843753,0.313223992872843,0.58878180938756,-6.40314471382795
"NEK1","NEK1|Q96PY6",0.0398755717142691,20.8038039653083,0.842430734044179,0.399774375684448,0.682373503323455,-6.55590524243225
"NEK8","NEK8|Q86SG6",-0.00370161045816886,17.4078818091683,-0.0159953305546098,0.987302454083286,0.997009223764511,-5.56310241694986
"NELFB","NELFB|Q8WX92",0.104766597526769,19.7524228409919,1.30955194626264,0.190707885157447,0.464115808954907,-6.02164332473875
"NOCT","NOCT|Q9UK39",-0.272091566106234,20.116438195024,-5.03311075484925,5.9375828937163e-07,1.25961579959553e-05,5.49380934619701
"NOP9","NOP9|Q86U38",0.09001502860297,19.0845083449537,1.33011039979686,0.183824387419547,0.464115808954907,-6.03149644905718
"NOTCH1","NOTCH1|P46531",0.0356294647150577,19.9231234565253,0.424236989958688,0.671498781416863,0.89432797345654,-6.80060500322965
"NPHP1","NPHP1|O15259",0.132679281235315,17.1793271980079,0.504233311765265,0.615190582068724,0.853660436963007,-5.73114690956937
"NR2C2","NR2C2|P49116",-0.202942982442064,18.1899392731501,-1.81992273317597,0.069202996554869,0.243421164090716,-5.1315415228051
"NRSN2","NRSN2|Q9GZP1",-0.0201009000649464,18.3893368540345,-0.207214109271752,0.835897330577337,0.96667428143473,-6.80706408489874
"NSD3","NSD3|Q9BZ95",0.127479396495428,18.059352777389,1.05419648829713,0.292191111357646,0.576619272676817,-6.18773618621527
"NT5C3B","NT5C3B|Q969T7",0.0498722593436156,20.878942910101,0.701599823934266,0.483113115606102,0.744303208966006,-6.66361053239227
"NXF1","NXF1|Q9UBU9",0.101420007901947,21.2655353711772,1.8979993911308,0.0580211452830515,0.20761783312128,-5.12562956782678
"OCLN","OCLN|Q16625",0.0774089097048609,19.6338798244086,1.1432907066087,0.253258866616221,0.548368782589675,-6.19786292194847
"OSTC","OSTC|Q9NRP0",-0.0732974525672105,19.6669798108016,-1.15798518437327,0.247182321445642,0.545534881706417,-6.24339244387856
"PARVB","PARVB|Q9HBI1",0.112764689946765,19.0376412451162,1.46129909245508,0.144328266543289,0.404391463805254,-5.78717781425801
"PCDHA6","PCDHA6|Q9UN73",-0.0586795880557709,17.8777607795772,-0.316353722961909,0.752056759348229,0.950995902723911,-6.15907093473569
"PCIF1","PCIF1|Q9H4Z3",0.216300368048625,19.5463658877252,2.3183811891206,0.0206775489976672,0.0971062816602554,-4.19633129808116
"PCP2","PCP2|Q8IVA1",-0.188744578712093,18.4766140474722,-0.338049866727862,0.737212407443633,0.949945264031319,-5.39111852809497
"PCYT1A","PCYT1A|P49585",0.0215595529031809,22.7436766295541,0.647861391537968,0.517242547208769,0.772454941083855,-6.69953582548112
"PDGFRB","PDGFRB|P09619",-0.0258338412016492,21.6605383405342,-0.48318881966488,0.629081121324575,0.857050885474307,-6.79181891546407
"PDS5B","PDS5B|Q9NTI5",0.0601742240233243,23.3943604226383,2.2857240665506,0.0225059237272548,0.0997650648805176,-4.32563558628362
"PDSS1","PDSS1|Q5T2R2",-0.0667058627493144,15.9862276193868,-0.181558134461752,0.856656721505785,0.974816269299687,-5.56777547839941
"PECAM1","PECAM1|P16284",0.159795661351946,22.3208641770895,3.62338668657385,0.000307326804620679,0.00268459002859828,-0.4483265850362
"PIGO","PIGO|Q8TEQ8",0.113539335041597,19.6910731581322,1.56662685388887,0.117559216658219,0.367527235236747,-5.69272522464011
"PITPNM2","PITPNM2|Q9BZ72",-0.0259695550180936,23.2167584623294,-0.7544892348029,0.450756112275078,0.723397002623226,-6.62546228604598
"PLA2G6","PLA2G6|O60733",-0.00224566396336101,23.3248975407907,-0.0772827890384607,0.938416041204215,0.983110078551999,-6.90456475686864
"PLCG1","PLCG1|P19174",-0.0222489449698884,25.2055172422249,-0.907356525622893,0.364465151499884,0.648110051408006,-6.49964472269225
"PLS1","PLS1|Q14651",-0.0875363116641381,19.9061178008913,-1.0122232930912,0.311707810317293,0.58878180938756,-6.3999740510285
"PLS3","PLS3|P13797",-0.0538779289391194,26.2172420601426,-2.39511307906404,0.0168221166112381,0.0805833650570599,-4.07342004786632
"PLTP","PLTP|P55058",0.185911798284799,20.4854084843843,3.67302279848988,0.000254573877757769,0.00236276380293929,-0.25533921077373
"PMP2","PMP2|P02689",0.0100946650268625,25.2777235794626,0.12574293979935,0.899963954079225,0.978856067893137,-6.89968822412913
"POLB","POLB|P06746",-0.111083445380039,18.8686587459865,-1.31793815177623,0.1878882097291,0.464115808954907,-6.02142739636461
"POLD1","POLD1|P28340",0.0841906183518759,17.6071345168395,0.592006798975703,0.554073795627566,0.80666626128131,-6.51315200307574
"POLR3K","POLR3K|Q9Y2Y1",0.116360333181678,15.5684636150773,1.35722391473696,0.176079242094719,0.450823576742513,-5.32864594020602
"PPIB","PPIB|P23284",-0.0796537366454366,26.3596358880018,-3.09418117068464,0.00203555125232391,0.0124177071491952,-2.18785279062817
"PPIL2","PPIL2|Q13356",-0.0228394368595417,18.1739664338079,-0.254302680563314,0.799331576845675,0.965046659850266,-6.78000693011436
"PPIL6","PPIL6|Q8IXY8",-0.237144918528838,18.2585011048318,-1.63302184086951,0.10359049831277,0.334417152161877,-5.00422296850551
"PPP2R2A","PPP2R2A|P63151",0.000851148360155207,26.3050306267133,0.0358548516091933,0.971406177016547,0.991435170357094,-6.90688791799315
"PRAG1","PRAG1|Q86YV5",-0.11599060807313,19.0544888881206,-0.899272618150856,0.368789894572232,0.648110051408006,-6.42257168833953
"PRCP","PRCP|P42785",0.0916577764758912,23.6438415080329,2.84503216169571,0.00454310815127574,0.0249870948320166,-2.91398389881463
"PRDX1","PRDX1|Q06830",0.136656384516687,29.2080164133146,5.07289015066167,4.77393081652513e-07,1.09065957885228e-05,5.66418186387665
"PRPF18","PRPF18|Q99633",0.0816184422201509,17.3650644914605,0.862958694475337,0.388458519071322,0.669443512391117,-6.39706028331701
"PSMA6","PSMA6|P60900",0.062069076284196,25.6472958285188,3.7988967894682,0.000155269538726673,0.00153716843339406,0.187366427208639
"PSMD13","PSMD13|Q9UNM6",-0.114008440851102,25.5849365519393,-3.28450064835926,0.00106172287134792,0.00716662938159844,-1.59303898196399
"RAB5A","RAB5A|P20339",0.0852179283540124,24.3692978567191,2.3125560286496,0.0209755575931471,0.0971062816602554,-4.26484754958811
"RALY","RALY|Q9UKM9",0.00395061234229388,24.5060145012398,0.155298495755794,0.876621394972205,0.97733724886929,-6.89557122950364
"RANBP17","RANBP17|Q9H2T7",-0.210424948264315,18.0792267495456,-1.17577065246653,0.240854134418311,0.545241120697305,-5.6061439312441
"RBCK1","RBCK1|Q9BYM8",0.123022662437275,20.14620934879,1.68742929525102,0.0918936459061373,0.303249031490253,-5.46267660751685
"RBM45","RBM45|Q8IUH3",0.0157922688739411,17.8191313313036,0.153363028733981,0.87814929991209,0.97733724886929,-6.85880319499354
"RCN2","RCN2|Q14257",0.00558201440470185,25.4947383407086,0.211504843925065,0.832542022107883,0.96667428143473,-6.88535284359947
"REEP1","REEP1|Q9H902",-0.0597893272576115,22.9359523538504,-1.4285643954676,0.153482109847469,0.420978343478111,-5.89716674450261
"RIMKLA","RIMKLA|Q8IXN7",-0.121071221595898,18.5428180493164,-1.31834168494781,0.187804786883489,0.464115808954907,-5.94476257593042
"RIOK2","RIOK2|Q9BVS4",0.00750877161202013,16.4378669749337,0.0554425054698867,0.955825977932907,0.987734395560536,-6.34025726301259
"RNF17","RNF17|Q9BXT8",-0.301231394691136,20.1158034998642,-2.04378916066978,0.0414116404391274,0.157682784748985,-4.67008079565529
"RNF175","RNF175|Q8N4F7",-0.00749743980738415,17.1975486305675,-0.0669967469201797,0.946685304767674,0.986545738652628,-6.0128258235366
"RNF217","RNF217|Q8TC41",-0.86775158167422,18.0995226224308,-1.42621278406042,0.161116852164805,0.423466416751745,-4.59200542432526
"RNPEPL1","RNPEPL1|Q9HAU8",-0.196997393119467,17.133711251419,-0.561708908381745,0.576148460280242,0.820099608177908,-5.54117539182222
"RPH3AL","RPH3AL|Q9UNE2",0.241740409271683,15.5718128195821,1.00436899974147,0.334293126970268,0.613546251978548,-4.74613142067633
"RPS3","RPS3|P23396",-0.0734964242036078,26.3327784305211,-3.29139111042486,0.00103636200310166,0.00715812825398124,-1.57085387290408
"RPS6KA4","RPS6KA4|O75676",0.0529594253270531,19.5398717165774,0.56723308488172,0.570708205579566,0.818842208005464,-6.71106417783079
"RTN4RL2","RTN4RL2|Q86UN3",-0.162110968185583,23.2300125720315,-4.8403249936866,1.52903074942177e-06,2.83826332861416e-05,4.55262982303564
"SAP30","SAP30|O75446",-0.06790682327496,17.5746230641927,-0.625136200810488,0.532147976129414,0.77856132468195,-6.43753521125485
"SEC23A","SEC23A|Q15436",-0.0697856370665129,24.8735704343936,-3.0511514790116,0.00234763103309418,0.0139449283365794,-2.31752370474235
"SEC31A","SEC31A|O94979",-0.0556341689151232,25.760372879575,-3.49398543378463,0.00049945253756363,0.00400911901774049,-0.898322467016656
"SEMA6B","SEMA6B|Q9H3T3",-0.130636330082169,17.8066376756437,-1.19589412354038,0.23216001399121,0.530396339656842,-6.0549901668148
"SERPINA7","SERPINA7|P05543",0.168016412908038,18.2550618190341,1.61000041728869,0.107802637436326,0.340610460836053,-5.54644629518473
"SETD3","SETD3|Q86TU7",-0.0830780201745931,23.245212366891,-2.73401664913728,0.00638156147404274,0.033251293996328,-3.21827253591212
"SIK2","SIK2|Q9H0K1",0.0128656263674607,18.6174548522797,0.152028536995699,0.879199059675725,0.97733724886929,-6.89606932434294
"SLC11A2","SLC11A2|P49281",0.00741581738481756,17.353530345064,0.0445858862333824,0.964454460311635,0.987734395560536,-6.60709975583438
"SLC22A15","SLC22A15|Q8IZD6",0.0769819149424471,17.3768362506324,0.792179144472544,0.428575989387536,0.715095892405046,-6.36158470381366
"SLC25A31","SLC25A31|Q9H0C2",-0.15753567971144,19.88376155249,-0.779429149276961,0.436150335695249,0.715672097798282,-6.26549217115645
"SLC29A1","SLC29A1|Q99808",0.0441612272815419,20.1389342956314,0.5267150091749,0.598527417138349,0.838503032500422,-6.75298842956487
"SLC31A2","SLC31A2|O15432",NA,NA,NA,NA,NA,NA
"SLC35A3","SLC35A3|Q9Y2D2",0.145993769744081,16.4416013273866,1.1099713118,0.267489087785526,0.55946661318522,-6.0598934958802
"SLC52A3","SLC52A3|Q9NQ40",-0.615153741609294,16.3707829317819,-1.4286373026395,0.159655830025331,0.4233730492636,-4.61524970798123
"SLC7A4","SLC7A4|O43246",0.107584189004299,17.1510331260192,0.435464070428485,0.665792123250712,0.890721894619196,-5.3732443647376
"SMARCA4","SMARCA4|P51532",-0.021064693441339,19.5448829801099,-0.260535092878549,0.794514265144003,0.963145864276608,-6.84779732998808
"SMS","SMS|P52788",0.0238698285024093,25.0739500802953,1.01630388296199,0.309762307275207,0.58878180938756,-6.39587601982238
"SNAP47","SNAP47|Q5SQN1",-0.0110898182915626,21.9299046380125,-0.169619405811403,0.865348202807991,0.976098662355249,-6.8932649504242
"SNIP1","SNIP1|Q8TAD8",-0.0683006500713361,16.9047180275949,-0.485360670895358,0.627836492760559,0.857050885474307,-6.17181955800097
"SNRNP48","SNRNP48|Q6IEG0",-0.105641780599903,16.8145221068952,-0.586940608100295,0.558298231226138,0.808851583776404,-5.77312295172693
"SORL1","SORL1|Q92673",-0.0568297980068131,24.8128457544332,-2.17855946956546,0.0296275131857479,0.12263143575887,-4.56142350782339
"SRD5A1","SRD5A1|P18405",-0.248611170677147,15.6554285227774,-0.928863352458243,0.354985092941706,0.63897316729507,-5.38662295074318
"SST","SST|P61278",-0.442520335669975,22.2842980712392,-6.08766126450225,1.70501713990021e-09,5.6265565616707e-08,11.0836491921365
"ST3GAL6","ST3GAL6|Q9Y274",-0.0579766579476129,18.1815985791296,-0.167618650853655,0.867643255426888,0.976098662355249,-5.42701263314345
"ST8SIA5","ST8SIA5|O15466",0.0301667036857864,17.5509324081452,0.224618649408243,0.822495960163224,0.96667428143473,-6.15542290751117
"STK39","STK39|Q9UEW8",-0.0626577675573188,25.7649738097449,-3.13172452499423,0.00179490689208489,0.0118463854877603,-2.07326390650332
"STX1B","STX1B|P61266",-0.0437389728936282,28.7385749995357,-1.3060554497639,0.19187287860231,0.464115808954907,-6.06286526932758
"SUPT20H","SUPT20H|Q8NEM7",-0.265586315961386,16.7089785491018,-1.73745073236163,0.0834334644564925,0.281587942540662,-4.83242427450015
"SYT10","SYT10|Q6XYQ8",0.0707018637939782,16.2891719249232,0.492033049631759,0.622906267742526,0.856496118145973,-6.49400038007918
"TAF10","TAF10|Q12962",0.0509121095619207,19.3258267224402,0.707683685674367,0.479338602615058,0.744303208966006,-6.6255947083961
"TAF11","TAF11|Q15544",-0.0823273628767858,16.0548661658025,-0.732037869285671,0.464539232760968,0.729990222910093,-6.28562931290689
"TATDN2","TATDN2|Q93075",-0.109161455004504,16.9033526914255,-0.751216916785402,0.453036506693334,0.723397002623226,-6.17482057741494
"TIGD7","TIGD7|Q6NT04",-0.0950787617230411,14.650401545963,-0.340910359691343,0.738846316468804,0.949945264031319,-5.01961468454671
"TMCO4","TMCO4|Q5TGY1",0.154407035230175,16.028131795426,1.61647946948242,0.106555390327233,0.340289794916003,-5.37740688426381
"TMEM161A","TMEM161A|Q9NX61",-0.19288124436709,16.1532050919413,-0.817448254365594,0.414947855048065,0.700224505393609,-5.75662394001729
"TMEM163","TMEM163|Q8TC26",-0.0440712918570547,23.0956708834313,-0.786675996445999,0.431682046278795,0.715672097798282,-6.60089183882226
"TMEM68","TMEM68|Q96MH6",0.116303235444722,19.8799662567965,1.81631197028937,0.0696659897229323,0.243421164090716,-5.26518747661
"TPK1","TPK1|Q9H3S4",0.0964583931030312,19.7190630561564,1.3772732752045,0.168784270158094,0.4359037237996,-5.9539112673783
"TPM3","TPM3|P06753",0.00608030477117438,28.1546091561724,0.284507277245527,0.776088179259575,0.960409121833724,-6.86740636672045
"TRIM33","TRIM33|Q9UPN9",0.124137858445671,20.2566068919948,2.44173110763091,0.0148118046395963,0.0721164914419689,-3.96239803187818
"TRMT10B","TRMT10B|Q6PF06",-0.498899244105736,19.68852391022,-1.07018103192729,0.287448885181965,0.576619272676817,-5.29772681737213
"TRPC1","TRPC1|P48995",-0.120937951450994,18.9189495623188,-0.197450526394493,0.844602177659854,0.968520643880219,-5.43061577975706
"TRPC4","TRPC4|Q9UBN4",-0.308615876819918,16.2041086714425,-1.54656988195795,0.124352692248181,0.376864791813365,-4.78351008030004
"TRPM3","TRPM3|Q9HCF6",0.001189843187408,20.4277250125338,0.0216041028383792,0.982768627941217,0.996185264500142,-6.90729377744903
"TTYH1","TTYH1|Q9H313",-0.114324242789056,24.6655271924189,-3.6568038689271,0.000270441459269458,0.00243397313342512,-0.329536901970596
"TTYH3","TTYH3|Q9C0H2",0.0160131128608505,22.3446413191137,0.214050728897517,0.830556777382808,0.96667428143473,-6.88481586950313
"TULP4","TULP4|Q9NRJ4",0.0681863334229256,17.5002550162322,0.635893508065722,0.525087711809537,0.775875872673793,-6.51427778306109
"UBA1","UBA1|P22314",0.0509487150203682,28.6915236875747,3.82902614478945,0.000137712138239819,0.00141036224335263,0.299421171733717
"UBALD2","UBALD2|Q8IYN6",-0.0237809342056039,17.0013771635925,-0.104920812261461,0.917984968221967,0.978856067893137,-4.92985130412064
"UBFD1","UBFD1|O14562",-0.0346361415622702,23.0605945244648,-1.16616967690989,0.243859849989823,0.545241120697305,-6.23397855253956
"UMPS","UMPS|P11172",0.0514019200567155,23.3403343477909,1.42014346833577,0.155917904991893,0.420978343478111,-5.9090294798763
"UPF3B","UPF3B|Q9BZI7",0.0230741194294808,21.3165566900423,0.414168215303491,0.678851221987637,0.900083986296108,-6.82251086288444
"UQCRC2","UQCRC2|P22695",-0.234040234094611,28.0559363456628,-6.99372533191222,5.27427979008653e-12,2.23780156807957e-10,16.6838710001228
"USP35","USP35|Q9P2H5",-0.0182767472155234,20.7262388468114,-0.304450608640732,0.760856152706144,0.955783656105042,-6.86158507115687
"USP6NL","USP6NL|Q92738",0.106112371550335,18.5990586313104,0.965353387269356,0.334661591988299,0.613546251978548,-6.3859179932212
"UVRAG","UVRAG|Q9P2Y5",-0.0836430978039289,23.0264787957697,-2.14311203587403,0.032376044180336,0.129941690831889,-4.63695195592113
"VEGFB","VEGFB|P49765",0.0261156327110363,16.6461435472306,0.142393422575996,0.887040919108063,0.978856067893137,-5.89361478875363
"VPS26B","VPS26B|Q4G0F5",0.03355960144291,25.8792497043107,1.20994612912176,0.226622472867194,0.521758716601215,-6.18250429333447
"VPS29","VPS29|Q9UBQ0",-0.00295182158048846,25.7922903846543,-0.101077892254606,0.919511509719898,0.978856067893137,-6.90246115568697
"WFDC1","WFDC1|Q9HC57",-0.324400357769285,17.7119800761738,-0.518775403186978,0.605590058193813,0.844414306495598,-5.5315074815282
"WHRN","WHRN|Q9P202",-0.0480089493991969,17.2168223354185,-0.29372597623715,0.76915451724259,0.955811262012758,-6.33193436567459
"XRCC4","XRCC4|Q13426",-0.00988026913224616,19.4253083723086,-0.09683274148672,0.9228829277005,0.978915105453744,-6.85640356411187
"YKT6","YKT6|O15498",-0.136641844712855,25.1232689355265,-4.46381671939122,9.09019024659157e-06,0.000149988139068761,2.85819865858227
"ZBTB8OS","ZBTB8OS|Q8IWT0",0.110015941945008,19.9363869939089,1.47495151629061,0.140591363016423,0.397672712532168,-5.81533477063711
"ZC3HAV1","ZC3HAV1|Q7Z2W4",0.117472733242852,23.444390368035,3.42838968657919,0.000635179258331027,0.00483713435190551,-1.12035522931295
"ZEB2","ZEB2|O60315",0.0383075246900262,19.1882209649034,0.534801279610079,0.592922920269041,0.834588186350262,-6.75883074474515
"ZFYVE1","ZFYVE1|Q9HBF4",-0.0735400401926292,23.3724797357498,-2.25506563251876,0.0243727127008675,0.106451406943495,-4.39423434720264
"ZNF148","ZNF148|Q9UQR1",0.106562163768348,17.9994460733675,1.05196117535342,0.293163333919863,0.576619272676817,-6.25206099123229
"ZNF292","ZNF292|O60281",0.275172870421333,17.0977736696509,0.971306567273663,0.332710198426665,0.613546251978548,-5.62639096607074
